Title,ParentID,CollaborationPeriod,Entity,DescriptionENG,DescriptionSPA,DirectResultsENG,DirectResultsSPA
NSA-2025-66-A_1,66,,PAHO/OPS & NSA/ANE,"CLSI continues to collaborate to strengthen the capacities of national laboratories in the PAHO region to monitor and mitigate the spread of antimicrobial resistance in bacterial pathogens. This includes training, regional working group meetings, and the enhancement of surveillance infrastructure available to the PAHO region. CLSI also continues to provide access to standards documents and supplements, free of charge, that are critical to the mitigation of antimicrobial resistance in the region.","CLSI continúa colaborando para fortalecer las capacidades de los laboratorios nacionales en la región de la OPS para monitorear y mitigar la propagación de la resistencia a los antimicrobianos en patógenos bacterianos. Esto incluye capacitación, reuniones de grupos de trabajo regionales y el fortalecimiento de la infraestructura de vigilancia disponible para la región de la OPS. 
CLSI sigue proporcionando acceso a documentos de normas y suplementos, de forma gratuita, que son críticos para la mitigación de la resistencia a los antimicrobianos en la región.","PAHO representatives actively participated in the activities and meetings of the Expert Panel on Microbiology, as well as in the activities of the Subcommittee on Antimicrobial Susceptibility Testing related to revisions for the 35th edition of CLSI M100. In January 2024, CLSI introduced a country-based pricing program for countries that meet the economic criteria set forth by the World Bank. CLSI continued its collaboration with the Latin American and Caribbean Network for Antimicrobial Resistance Surveillance (ReLAVRA+) to adapt and implement Table 1 of CLSI M100 for region-specific clinical guidance on antibiotic and antifungal therapeutics.","Los representantes de la OPS participaron activamente en las actividades y reuniones del Panel de Expertos en Microbiología, así como en las actividades del Subcomité sobre Pruebas de Susceptibilidad a Antimicrobianos relacionadas con las revisiones de la 35ª edición de CLSI M100. En enero de 2024, CLSI introdujo la implementación de un programa de precios basado en países para aquellos que cumplan con los criterios económicos establecidos por el Banco Mundial. CLSI continuó su colaboración con la Red Latinoamericana y del Caribe para la Vigilancia de la Resistencia Antimicrobiana (ReLAVRA+) para adaptar e implementar la Tabla 1 de CLSI M100 como guía clínica específica de la región sobre terapias antibióticas y antifúngicas."
NSA-2025-65-A_1,65,,PAHO/OPS & NSA/ANE,"BHI supported PAHO in expanding cervical cancer screening efforts in Antigua and Barbuda (AB): BHI assisted in reviewing data to plan and implement the scaling up of the program until full implementation as part of the Ministry of Health's (MOH) healthcare services. BHI directly supported and collaborated with the Ministry of Health (MOH) of AB, various members of the appointed Cervical Cancer Task Force, and other key medical personnel.","BHI apoyó a la OPS en la ampliación de los esfuerzos de detección del cáncer de cuello uterino en Antigua y Barbuda (AB):  
BHI asistió en la revisión de datos para planificar y llevar a cabo la ampliación del programa hasta su plena implementación como parte de los servicios de salud del Ministerio de Salud (MOH). BHI apoyó y colaboró directamente con el Ministerio de Salud (MOH) de AB, varios miembros del Grupo de Trabajo sobre Cáncer de Cuello Uterino designado y otros profesionales médicos clave.","The full implementation of a national cervical cancer prevention program in AB.
• Provision of customized training delivered to medical staff and Ministry of Health (MOH) employees.
• Planning and execution of a pilot HPV screening/treatment program with over 1,500 women.
• Based on learnings from the pilot, the program was scaled up to include an additional 3,000 women.
• Debriefed the MOH about key performance indicators (KPIs) and key observations to optimize the full implementation.","La implementación completa de un programa nacional de prevención del cáncer de cuello uterino en AB.
• Provisión de una capacitación personalizada dirigida al personal médico y empleados del Ministerio de Salud (MOH).
• Planificación y ejecución de un programa piloto de detección/tratamiento de VPH con más de 1,500 mujeres.
• Basado en los aprendizajes del piloto, ampliación del programa para incluir a otras 3,000 mujeres.
• Informe al MOH sobre los KPIs y observaciones clave para optimizar la implementación completa."
NSA-2025-65-A_2,65,,PAHO/OPS & NSA/ANE,"BHI supported PAHO in the planning and implementation of a national cervical cancer prevention program in St. Vincent. BHI directly assisted and collaborated with the Ministry of Health (MOH) of AB, various members of the appointed Cervical Cancer Task Force, and other key medical personnel.","BHI apoyó a la OPS en la planificación y ejecución de un programa nacional de prevención del cáncer de cuello uterino en San Vicente. BHI apoyó directamente y colaboró con el Ministerio de Salud (MS) de AB, varios miembros del Grupo de Trabajo sobre Cáncer de Cuello Uterino designado y otros profesionales médicos clave.","The implementation of a cervical cancer screening program in St. Vincent until it is fully integrated into the country's healthcare services.
• BHI conducted a needs assessment on-site.
• BHI developed a database for the Ministry of Health to use during the pilot and scaling phases, ensuring that quality data is available for analysis and decision-making for the national rollout.
• Planned and executed a customized training program covering anatomy, HPV-specific screening/training, and orientation on the use of clinical equipment.","La implementación de un programa de detección de cáncer cervical en San Vicente hasta que esté completamente incorporado como parte de los servicios de salud del país.
• BHI realizó una evaluación de necesidades en el terreno.
• BHI creó la base de datos que será utilizada por el Ministerio de Salud para la fase piloto y de expansión, de modo que se disponga de datos de calidad para el análisis y la toma de decisiones para el despliegue nacional.
• Se planificó y llevó a cabo un programa de capacitación a medida que abarca anatomía, detección/capacitación específica de VPH y orientación sobre el uso de equipos clínicos."
NSA-2025-65-A_3,65,,PAHO/OPS & NSA/ANE,Participated in numerous PAHO regional engagements and workshops and provided training or knowledge sharing as requested.,Participó en numerosos compromisos y talleres regionales de la OPS y proporcionó capacitación o intercambio de conocimientos según se solicitara.,"The training, workshops, and talks provided by BHI ensure that relevant technical expertise related to cervical cancer prevention is shared with local healthcare professionals, government officials, and other relevant stakeholders.","La formación, los talleres y las charlas proporcionados por BHI aseguran que la experiencia técnica relevante relacionada con la prevención del cáncer de cuello uterino se comparta con los profesionales de la salud locales, funcionarios del gobierno y otros interesados relevantes."
NSA-2025-62-A_1,62,,PAHO/OPS,"Support country implementation teams on social marketing campaigns by providing tutors, developing case studies, and offering funding; continue evaluation and monitoring efforts; and share best practices.","Apoyar a los equipos de implementación en los países en campañas de marketing social a través de la provisión de tutores, el desarrollo de estudios de caso y financiamiento; continuar con los esfuerzos de evaluación y monitoreo; y difundir las mejores prácticas.","AHA continued its support for the virtual learning Program on Social Marketing for Public Health, launched in July 2022, by promoting modules on the PAHO Virtual Campus of Public Health across its networks.

More than 22,000 participants have engaged in the self-learning modality. In the tutor-led modality, technical assistance and tutors supported national teams with formative field research and the implementation of social marketing components, resulting in fifteen projects prepared by country teams.

A best practices webinar titled “Program on Social Marketing for Public Health: Best Practices” was held in August 2023, featuring several country teams. Aruba, Costa Rica, Panama, Puerto Rico, and Sint Maarten received support for sodium reduction campaigns. These experiences have been compiled into a guide for applying Social Marketing to the development of health interventions, which will be launched in the first quarter of 2026.","AHA continuó su apoyo al Programa de Aprendizaje Virtual sobre Marketing Social para la Salud Pública, lanzado en julio de 2022, promoviendo módulos en el Campus Virtual de Salud Pública de la OPS a través de sus redes.

Más de 22,000 participantes han participado en la modalidad de autoaprendizaje. En la modalidad tutorada, la asistencia técnica y los tutores apoyaron a los equipos nacionales con investigaciones de campo formativas y la implementación de componentes de marketing social, lo que resultó en quince proyectos preparados por los equipos de los países.

Se llevó a cabo un seminario web sobre mejores prácticas titulado “Programa de Marketing Social para la Salud Pública: Mejores Prácticas” en agosto de 2023, que contó con la participación de varios equipos de países. Aruba, Costa Rica, Panamá, Puerto Rico y Sint Maarten recibieron apoyo para campañas de reducción de sodio. Estas experiencias se han recopilado en una guía para aplicar el Marketing Social al desarrollo de intervenciones en salud, que se lanzará en el primer trimestre de 2026."
NSA-2025-62-A_2,62,,NSA/ANE,Collaborate to raise awareness about pregnancy risk factors related to non-communicable diseases (NCDs) and create supporting materials for educational initiatives.,Colaborar para aumentar la concienciación sobre los factores de riesgo de embarazo asociados con las enfermedades no transmisibles y desarrollar materiales colaterales para apoyar los esfuerzos educativos.,"The AHA has actively participated in its global coalitions to promote women's heart health and maternal health, primarily through the integration of the PAHO Zero Maternal Deaths initiative with the AHA-InterAmerican Society of Cardiology (IASC) joint maternal campaign, #CorazondeMama.

Ongoing advocacy and educational efforts were carried out with IASC and the Inter-American Heart Foundation (IAHF), including constituency statements at the WHO and PAHO regional meetings on pandemic preparedness, universal health coverage, and heart conditions in adolescents and children, such as congenital heart disease and rheumatic heart disease.","AHA ha participado activamente en sus coaliciones globales para elevar la salud cardíaca de las mujeres y la salud materna, principalmente a través de la integración de la iniciativa de la OPS Cero Muertes Maternas con la campaña conjunta de AHA y la Sociedad Interamericana de Cardiología (IASC), #CorazondeMama.

Se llevaron a cabo trabajos de defensa y educativos continuos con la IASC y la Fundación Interamericana del Corazón (IAHF), incluyendo declaraciones de los grupos de interés en las reuniones regionales de la OMS y la OPS sobre preparación para pandemias, cobertura de salud universal y condiciones cardíacas en adolescentes y niños, como las cardiopatías congénitas y la enfermedad cardíaca reumática."
NSA-2025-62-A_3,62,,PAHO/OPS,"Build capacity around non-communicable disease (NCD) risk factors to create health-promoting environments within the school setting, with the involvement of Ministries of Health and Ministries of Education.","Desarrollar capacidades en torno a los factores de riesgo de las enfermedades no transmisibles para crear entornos que promuevan la salud dentro del ámbito escolar, con la participación de los Ministerios de Salud y los Ministerios de Educación.","AHA has also supported the implementation of the PAHO/OAS Hemispheric Program on Healthy Eating Policies and Physical Activity in School Environments: “A first line of action on fighting noncommunicable diseases in the Americas.” Following a call for project proposals to create school environments conducive to healthy eating, nutrition, and physical activity, projects from the ministries of education and health of the Bahamas, Belize, and Colombia were selected to receive intensified technical assistance.

The documentation of the experience and lessons learned is being integrated into a regional guidance document to be presented to the ministers of education of the Region.","AHA también ha apoyado la implementación del Programa Hemisférico de la OPS/OEA sobre Políticas de Alimentación Saludable y Actividad Física en Entornos Escolares: “Una primera línea de acción en la lucha contra las enfermedades no transmisibles en las Américas”. Tras una convocatoria para propuestas de proyectos para crear entornos escolares propicios para la alimentación saludable, la nutrición y la actividad física, se seleccionaron proyectos de los ministerios de educación y salud de las Bahamas, Belice y Colombia para recibir asistencia técnica intensificada.

La documentación de la experiencia y las lecciones aprendidas se está integrando en un documento de orientación regional que será presentado a los ministros de educación de la Región."
NSA-2025-60-A_1,60,,PAHO/OPS & NSA/ANE,"The Pan American Program for High Management and Leadership in Medical Education (PAG-FEPAFEM) has been created, aiming to train leaders from the Americas in leadership, management, and administration. The Pan American Platform for Teacher-Student Mobility is being prepared to strengthen the exchange of experiences in medicine and public health. A working group has been formed to address Diversity, Inclusion, and Equity in Higher Education (OPS Policies 3 and 4 RHUS 2030).","Se ha creado el Programa Panamericano de Alta Gerencia y Liderazgo en Educación Médica (PAG-FEPAFEM), que busca formar a líderes de las Américas en liderazgo, gestión y administración. Se está preparando la Plataforma Panamericana de Movilidad Docente-Estudiantil, con el fin de fortalecer el intercambio de experiencias en medicina y salud pública. Se ha formado un grupo de trabajo para abordar la Diversidad, Inclusión y Equidad en la Educación Superior (Políticas OPS 3 y 4 RHUS 2030).","- 45 leaders trained in the PAG-FEPAFEM
- Survey on Diversity, Inclusion, and Equity in Higher Education, raising awareness and recognizing the importance of inclusion in medical education, promoting the implementation of actions to include diversities in medical education in staged processes that align with the nature and development-advancements of the institutions.
- 07 webinars developed by the member associations of FEPAFEM
- Monthly electronic newsletter since 2023.
- Website and social media allowing the dissemination of activities related to medical education.
- Participation in international events sharing best practices in medical education worldwide, as well as promoting ""One Health.""
- 268 leaders from the Americas participating in the Pan American Conference on Medical Education – COPAEM 2025, with an agenda linked to medical education, quality in training, and social responsibility.","- 45 líderes capacitados en el PAG-FEPAFEM  
- Encuesta sobre Diversidad, Inclusión y Equidad en la Educación Superior, permitiendo sensibilizar y reconocer la importancia de la inclusión en la educación médica, promoviendo la implementación de acciones para incluir las diversidades en la educación médica en procesos escalonados y acordes a la naturaleza y desarrollo-avances de las instituciones.  
- 07 Webinars desarrollados por las Asociaciones miembros de FEPAFEM  
- Boletín Electrónico mensual desde el año 2023.  
- Página Web y redes sociales permitiendo la difusión de las actividades vinculadas a la educación médica.  
- Participación en eventos internacionales difundiendo las mejores experiencias en educación médica a nivel mundial, así como promoviendo “Una Sola Salud” (One Health).  
- 268 líderes de las Américas participantes en la Conferencia Panamericana de Educación Médica – COPAEM 2025, con una agenda vinculada a la educación médica, la calidad en la formación y la responsabilidad social.  "
NSA-2025-53-A_1,53,,NSA/ANE,Conduct didactic and hands-on training on medical oncology for clinical staff at emerging and/or established public oncology programs in selected countries in Latin America and the Caribbean. Design clinical operations and patient navigation systems that enable real-time tracking of patients throughout their cancer journeys.,Realizar capacitaciones didácticas y prácticas sobre oncología médica para el personal clínico en programas de oncología públicos emergentes y/o establecidos en países seleccionados de América Latina y el Caribe. Diseñar operaciones clínicas y sistemas de navegación de pacientes que permitan el seguimiento en tiempo real de los pacientes a lo largo de sus trayectorias en el cáncer.,Staff demonstrate a noticeable increase in knowledge in selected areas of medical oncology.,El personal muestra un aumento demostrable en el conocimiento en áreas temáticas seleccionadas de oncología médica.
NSA-2025-53-A_2,53,,NSA/ANE,"Conduct workshops on the principles of cancer patient navigation, using a detailed case study of a new patient navigation program developed by GO in Belize.","Realizar talleres sobre los principios de la navegación de pacientes con cáncer, basándose en un estudio de caso detallado de un nuevo programa de navegación de pacientes desarrollado por GO en Belice.",Six permanent staff members and rotating nurses have begun training in nurse navigation using the GO-DOC framework. The training includes monthly virtual mentorship and in-person sessions held semi-annually to quarterly. Official program data (2023–2025) has been collected and is scheduled for publication as a report.,Seis empleados permanentes y enfermeras rotativas han iniciado capacitación en navegación de enfermería utilizando el marco GO‑DOC. La capacitación incluye mentoría virtual mensual y sesiones presenciales semestrales a trimestrales. Se han recopilado datos oficiales del programa (2023–2025) y se planea su publicación como un informe.
NSA-2025-53-A_3,53,,PAHO/OPS & NSA/ANE,"Provide technical assistance to national cancer control planning efforts in selected countries in the Region, and guidance on developing clinical operations and patient navigation systems to enhance the diagnosis and treatment of cancer patients.","Proporcionar asistencia técnica a los esfuerzos de planificación del control del cáncer en países seleccionados de la región, y orientación sobre el desarrollo de operaciones clínicas y sistemas de navegación para pacientes para mejorar el diagnóstico y tratamiento de pacientes con cáncer.","In collaboration with the Belize Ministry of Health, the Social Security Board, and the KHMH Oncology Unit, the following gaps have been identified: (1) access to radiation treatments; (2) pediatric oncology care; and (3) country-wide screening services for common cancers (including breast and cervical). Global Oncology has engaged local stakeholders to assess needs and advised on strategic plans for each area; updates and requests for additional work from national stakeholders are pending. GO has shared with PAHO and MoH the framework for the hospital-based cancer navigation system implemented by GO and KHMH and offered to collaborate on providing hospital cancer case data.","En colaboración con el Ministerio de Salud de Belice, la Junta de Seguridad Social y la Unidad de Oncología del KHMH, se han identificado las siguientes brechas: (1) acceso a tratamientos de radiación; (2) atención oncológica pediátrica; y (3) servicios de detección a nivel nacional para cánceres comunes (incluyendo cáncer de mama y cervical). Global Oncology ha involucrado a las partes interesadas locales para evaluar las necesidades y ha asesorado sobre planes estratégicos para cada área; se están esperando actualizaciones y solicitudes de trabajo adicional por parte de las partes interesadas nacionales. GO ha compartido con la OPS y el Ministerio de Salud el marco para el sistema de navegación de cáncer basado en hospitales implementado por GO y KHMH y se ha ofrecido a colaborar en la provisión de datos de casos de cáncer hospitalarios."
NSA-2025-51-A_1,51,,PAHO/OPS & NSA/ANE,"At each of the previous years’ Annual Meetings (2022 – 2025), both PAHO and APHA have coordinated on the following activities: 1) co-hosted two scientific sessions annually highlighting different public health topics affecting the region; 2) an APHA-PAHO collaborative exhibit at the Public Health Expo; and 3) film submissions to the Global Public Health Film Festival.","En cada una de las Reuniones Anuales de los años anteriores (2022 – 2025), tanto la OPS como la APHA han coordinado las siguientes actividades: 1) coorganizar dos sesiones científicas anuales que destacan diferentes temas de salud pública que afectan a la región; 2) una exhibición colaborativa de la APHA y la OPS en la Expo de Salud Pública; y 3) presentaciones de películas al Festival de Cine de Salud Pública Global.","These activities helped to raise the visibility of public health issues in the Americas region, sharing ideas, best practices, and lessons learned, while facilitating opportunities for future collaboration and partnerships. It has also continued to demonstrate the value of the APHA-PAHO partnership, which highlights the connections between local, national, and regional public health efforts. These activities were successful based on the number of conference attendees reached and the level of participation in both the scientific sessions and the film festival. Additionally, PAHO’s exhibit booth attracts traffic from U.S. and international public health professionals interested in learning more about PAHO’s work.","Estas actividades ayudaron a aumentar la visibilidad de los problemas de salud pública en la región de las Américas, compartiendo ideas/mejores prácticas/lecciones aprendidas y facilitando oportunidades para futuras colaboraciones/sociedades. También ha continuado demostrando el valor de la asociación entre APHA y la OPS, que destaca los vínculos entre los esfuerzos de salud pública locales, nacionales y regionales. Estas actividades fueron exitosas en función del número de asistentes a la conferencia alcanzados y el nivel de participación tanto en las sesiones científicas como en el festival de cine. Además, el stand de la OPS atrae la atención de profesionales de la salud pública de EE. UU. e internacionales interesados en aprender más sobre el trabajo de la OPS."
NSA-2025-51-A_2,51,,PAHO/OPS & NSA/ANE,"Both the American Journal of Public Health (AJPH) and the Pan American Journal of Public Health have partnered to translate selected English peer-reviewed articles for publication. A subsidiary agreement was developed to translate, publish, and disseminate articles into Spanish. Both organizations have an existing agreement for the Spanish translation of the latest edition of the Control of Communicable Diseases Manual as well as the companion volumes - Clinical Practice and Laboratory Practice.","Tanto el American Journal of Public Health (AJPH) como el Pan American Journal of Public Health se han asociado para traducir artículos seleccionados en inglés revisados por pares para su publicación. Se desarrolló un acuerdo subsidiario para traducir, publicar y difundir artículos al español. Ambas organizaciones tienen un acuerdo existente para la traducción al español de la última edición del Manual de Control de Enfermedades Transmisibles, así como de los volúmenes complementarios: Práctica Clínica y Práctica de Laboratorio.","The direct benefit of this activity has been increased access to peer-reviewed scientific information for both Spanish- and English-speaking audiences. The ability to disseminate research to a wider audience in the Americas region collectively brings greater visibility to both journals in terms of exchanging research knowledge, influencing policy development, and achieving greater programmatic impact in our region.","El beneficio directo de esta actividad ha sido el aumento del acceso a información científica revisada por pares tanto para audiencias de habla hispana como de habla inglesa. La capacidad de difundir la investigación a una audiencia más amplia en la región de las Américas aporta colectivamente una mayor visibilidad a ambas revistas en términos de intercambio de conocimientos de investigación, influencia en el desarrollo de políticas, así como lograr un mayor impacto programático en nuestra región."
NSA-2025-51-A_3,51,,PAHO/OPS & NSA/ANE,"1) Engagement in the coordination and planning of activities related to National Public Health Week, World Health Day, and Wellness Week; 2) Supporting the development of the Alliance of Public Health Associations of the Americas (APHAA/AASPA); and 3) Coordinated communications to share opportunities and resources through the organizations’ networks.","1) Participación en la coordinación y planificación de actividades relacionadas con la Semana Nacional de la Salud Pública, el Día Mundial de la Salud y la Semana del Bienestar; 2) Apoyo al desarrollo de la Alianza de Asociaciones de Salud Pública de las Américas (APHAA/AASPA); y 3) Comunicaciones coordinadas para compartir oportunidades y recursos a través de las redes de las organizaciones.","The results of these activities increased awareness of public health issues to inspire action and change among US stakeholders and the general public. By identifying opportunities to share experiences, communicate, and coordinate activities related to National Public Health Week, World Health Day, and Wellness Week, they have contributed to enhancing the value of these annual public health initiatives held throughout the year, along with partner activities and initiatives.","Los resultados de estas actividades concientizaron sobre los problemas de salud pública para inspirar acción/cambio entre los interesados en EE. UU. y el público en general. Al encontrar oportunidades para compartir experiencias, comunicaciones y la coordinación de actividades relacionadas con la Semana Nacional de la Salud Pública, el Día Mundial de la Salud y la Semana del Bienestar, han ayudado a aumentar el valor de estas iniciativas anuales de salud pública que se llevan a cabo a lo largo del año junto con actividades/iniciativas de socios."
NSA-2025-47-A_1,47,,NSA/ANE,"• I work on cross-cutting issues related to climate change, resilience, and their impacts on the water and sanitation sector, as well as on people's health.  
• Expansion of thematic activities through forums and working groups with strategic allies and regional experts, to generate technical documents, guides, and other valuable resources.","• I work on cross-cutting issues related to climate change, resilience, and their impacts on the water and sanitation sector, as well as on people's health.  
• Expansion of thematic activities through forums and working groups with strategic allies and regional references, to generate technical documents, guides, and other valuable inputs.","Consolidation of the technical link between local governments and AIDIS with the support of PAHO, to promote activities related to water, sanitation, hygiene, climate change, risk management, and air quality. -Completion of the GLASS form and technical tables, workshops, virtual and in-person meetings to review and socialize the progress of countries in meeting the SDGs in the LAC region. Support in the preparation of progress reports on the SDGs, focused on collaborative work lines with PAHO, in the LAC countries, and support for the water, sanitation, and hygiene sector, climate change, air quality, and risk management of local governments.","Consolidación del enlace técnico entre los gobiernos locales y AIDIS con el apoyo de OPS, para impulsar actividades relacionadas con agua, saneamiento, higiene, cambio climático, gestión de riesgo y calidad del aire. - Llenado de formulario GLASS y mesas técnicas, talleres, encuentros virtuales y presenciales para revisar y socializar los avances de los países en el cumplimiento de los ODS de la región de ALC. Apoyo en la elaboración de los informes de avances de los ODS, orientados a las líneas de trabajo colaborativas con OPS, en los países de ALC y apoyo al sector de agua, saneamiento e higiene, cambio climático, aire y gestión de riesgo de los gobiernos locales."
NSA-2025-47-A_2,47,,NSA/ANE,"Diagnostics of the status of water and sanitation systems in health facilities (hospitals in capital and intermediate cities).  
Support in the rehabilitation of water and sanitation services in post-emergency contexts.",Diagnósticos del estado de los sistemas de agua y saneamiento en establecimientos de salud (hospitales de ciudades capitales e intermedias). Apoyo en la rehabilitación de servicios de agua y saneamiento en contextos post-emergencia.,"Technical Advisory on the situation of water, sanitation, and hygiene in Health Facilities of ALC, applying ETRAS/OPS protocols.

Report on water, sanitation, and hygiene in health facilities of the 6 selected countries.","Asesoría Técnica sobre la situación de agua, saneamiento e higiene en Establecimientos de Salud de ALC, aplicando protocolos de ETRAS/OPS.

Reporte sobre agua, saneamiento e higiene en los establecimientos de salud de los 6 países seleccionados."
NSA-2025-47-A_3,47,,PAHO/OPS & NSA/ANE,"Joint activities (AIDIS-OPS) for the promotion and commemoration of international days to build environmentally responsible and resilient communities, considering the environmental determinants of health.","Actividades conjuntas (AIDIS-OPS) de promoción y conmemoración de los días internacionales para construir comunidades ambientalmente responsables y resilientes, considerando los determinantes ambientales de la salud.","Joint organization of activities (webinars, workshops) to commemorate international days, such as:
Inter-American Day of Air Quality
Inter-American Day of Water
Inter-American Day of Sanitation","Organización conjunta de actividades (seminarios web, talleres) para conmemorar los días internacionales, como:
Día Interamericano de la Calidad del Aire
Día Interamericano del Agua 
Día Interamericano del Saneamiento"
NSA-2025-46-A_1,46,,PAHO/OPS & NSA/ANE,,,,
NSA-2025-46-A_2,46,,PAHO/OPS & NSA/ANE,,,,
NSA-2025-46-A_3,46,,PAHO/OPS & NSA/ANE,,,,
NSA-2025-46-A_4,46,,PAHO/OPS & NSA/ANE,,,,
NSA-2025-46-A_5,46,,NSA/ANE,,,,
NSA-2025-46-A_6,46,,NSA/ANE,,,,
NSA-2025-39-A_1,39,,NSA/ANE,"In April 2024, UNITE and PAHO jointly contributed to a high-level parliamentary policy dialogue held during the World Bank and International Monetary Fund Spring Meetings on ‘Health is Wealth - Parliamentarians as Key Players in Health Financing.’ The activity advanced collaboration to strengthen parliamentary engagement on sustainable health financing and pandemic preparedness and response. PAHO provided technical insights on pandemic preparedness and response financing and reinforced parliamentarians’ role in aligning budgets with regional health priorities.","En abril de 2024, UNITE y la OPS contribuyeron conjuntamente a un diálogo político parlamentario de alto nivel celebrado durante las Reuniones de Primavera del BM y el FMI sobre ""La salud es riqueza: los parlamentarios como actores clave en la financiación de la salud"". La actividad promovió la colaboración para fortalecer el compromiso parlamentario en la financiación sostenible de la salud y la preparación y respuesta ante pandemias. La OPS proporcionó conocimientos técnicos sobre la financiación de la preparación y respuesta (PPR) y reforzó el papel de los parlamentarios en la alineación de los presupuestos con las prioridades de salud regionales.","- Parliamentarians from all over the world gained a better understanding of the societal relevance of health, the economic pressures on healthcare systems, and the need for countries to actively engage at both national and international levels.
- Highlighted parliamentarians’ role in addressing financial constraints and engaging at national and international levels, and identified UNITE’s IFGH as a key connector for national and international budgetary issues and a supporter of 11 sustainable health investments in health.
- Raised awareness among parliamentarians on the importance of an agreement on pandemic prevention and the opportunities for their involvement in its discussions.","- Los parlamentarios de todo el mundo adquirieron una mejor comprensión de la relevancia social de la salud, las presiones económicas sobre los sistemas de salud y la necesidad de que los países se involucren activamente tanto a nivel nacional como internacional.
- Se destacó el papel de los parlamentarios en la atención a las limitaciones financieras y en el compromiso a niveles nacional e internacional, y se identificó el IFGH de UNITE como un conector clave para los problemas presupuestarios nacionales e internacionales y un defensor de 11 inversiones sostenibles en salud.
- Se concienció a los parlamentarios sobre la importancia de un acuerdo sobre la prevención de pandemias y las oportunidades para su participación en las discusiones al respecto."
NSA-2025-39-A_2,39,,PAHO/OPS & NSA/ANE,"In March 2024, UNITE, in collaboration with PAHO, held a regional parliamentary dialogue for Latin America and the Caribbean under the ‘Let’s Talk Health’ initiative, focusing on antimicrobial resistance (AMR). This activity was part of organized regional engagements where PAHO offers technical input, regional evidence, and policy guidance to inform parliamentary discussions on priority health issues. PAHO contributed through its AMR Special Program, supporting evidence-based dialogue on legislation, budgeting, and implementation challenges in the region.","En marzo de 2024, UNITE, en conjunto con la OPS, llevó a cabo un diálogo parlamentario regional para América Latina y el Caribe bajo la iniciativa 'Hablemos de Salud', centrado en la RAM. La actividad fue parte de compromisos regionales estructurados donde la OPS proporciona insumos técnicos, evidencia regional y orientación política para informar las discusiones parlamentarias sobre temas de salud prioritarios. La OPS contribuyó a través de su Programa Especial de RAM, apoyando un diálogo basado en evidencia sobre legislación, presupuestos y desafíos de implementación en la Región.","As part of its ""Let's Talk Health"" initiative—a series of dedicated regional sessions focused on relevant global health priorities—UNITE provided parliamentarians from Latin America and the Caribbean with a platform to share best practices, achievements, and challenges related to AMR legislation, budgeting, and implementation. The exchange of experiences regarding policy, budgeting, and implementation offered valuable insights that will help inform future legislative proposals. PAHO provided the latest evidence-based data on AMR, giving parliamentarians a regional perspective. This strengthened the capacity of parliamentarians to integrate PAHO's technical guidance into national AMR legislative and oversight processes.","- Como parte de su iniciativa ""Hablemos de Salud"" - un conjunto de sesiones regionales dedicadas a prioridades globales de salud relevantes, UNITE proporcionó a los parlamentarios de América Latina y el Caribe una plataforma para compartir mejores prácticas, logros y desafíos relacionados con la legislación, el presupuesto y la implementación sobre RAM.
- El intercambio de experiencias—sobre políticas, presupuestos e implementación—ofreció valiosos conocimientos que ayudan a informar futuras propuestas legislativas.
- La OPS proporcionó los últimos datos basados en evidencia sobre RAM, brindando a los parlamentarios un panorama regional.
- Se fortaleció la capacidad de los parlamentarios para integrar la orientación técnica de la OPS en los procesos legislativos y de supervisión nacionales sobre RAM."
NSA-2025-39-A_3,39,,PAHO/OPS & NSA/ANE,"In September 2023, UNITE PAHO and the ""Health Observatory of the University of Buenos Aires"" co-hosted a roundtable titled ""The Future of the Parliamentary Agenda on Digital Health."" The event aimed to foster dialogue on the digital transformation of health and explore strategies for building effective digital health governance mechanisms in Argentina. This roundtable was part of UNITE’s and PAHO’s ongoing collaboration on digital health governance and health-related legislation in the Americas.","En septiembre de 2023, UNITE PAHO y el ""Observatorio de Salud de la Universidad de Buenos Aires"" coorganizaron una mesa redonda titulada ""El Futuro de la Agenda Parlamentaria sobre Salud Digital"". El evento tuvo como objetivo fomentar el diálogo sobre la transformación digital de la salud y explorar estrategias para construir mecanismos de gobernanza de salud digital efectivos en Argentina. Esta mesa redonda formó parte de la colaboración continua de UNITE y PAHO en la gobernanza de la salud digital y la legislación relacionada con la salud en las Américas.","- PAHO, through the participation of Dr. Marcelo D’Agostino, Unit Chief for Information Systems and Digital Health, provided key insights and evidence-based data on the regional digital health landscape.
- The roundtable provided a platform for parliamentarians and experts to engage in dialogue on digital health transformation models in Argentina, with a focus on advancing Universal Health Coverage (UHC).
- Participants discussed the potential creation of governance parameters to ensure security, privacy, interoperability, ethical use of data, equal access, and inclusion.
- Identified the main governance challenges and opportunities in Argentina and Latin America, and gathered expert suggestions for designing effective regulatory structures.
- Incorporated lessons learned and best practices into a set of recommendations for future elected officials.","- La OPS, a través de la participación del Dr. Marcelo D’ Agostino, Jefe de la Unidad de Sistemas de Información y Salud Digital, proporcionó información clave y datos basados en evidencia sobre el panorama de la salud digital en la región.
- La mesa redonda ofreció una plataforma para que parlamentarios y expertos participaran en un diálogo sobre modelos de transformación de la salud digital en Argentina, con un enfoque en avanzar hacia la Cobertura Universal de Salud (CUS).
- Los participantes discutieron la posible creación de parámetros de gobernanza para garantizar la seguridad, la privacidad, la interoperabilidad, el uso ético de los datos, el acceso equitativo y la inclusión.
- Se identificaron los principales desafíos y oportunidades de gobernanza en Argentina y América Latina, y se recopilaron sugerencias de expertos para diseñar estructuras regulatorias efectivas.
- Se incorporaron lecciones aprendidas y mejores prácticas en un conjunto de recomendaciones para futuros funcionarios electos."
NSA-2025-39-A_4,39,,NSA/ANE,"During the World Health Summit 2022, UNITE and WHO held an official session on “The Role of Parliamentarians in the Development of a Global Pandemic Treaty.” PAHO supported the participation of four parliamentarians from the Americas, bringing regional perspectives to discussions. PAHO’s involvement extended beyond facilitating participation, contributing to the integration of regional parliamentary perspectives from the Americas into global discussions on the pandemic agreement.","Durante la Cumbre Mundial de Salud 2022, UNITE y la OMS llevaron a cabo una sesión oficial sobre ""El Papel de los Parlamentarios en el Desarrollo de un Tratado Global sobre Pandemias"". La OPS apoyó la participación de cuatro parlamentarios de las Américas, aportando perspectivas regionales a las discusiones. La participación de la OPS se extendió más allá de facilitar la participación, contribuyendo a la integración de las perspectivas parlamentarias regionales de las Américas en las discusiones globales sobre el acuerdo pandémico.","- Increased parliamentarians' awareness of the importance of a global pandemic agreement.
- Emphasized opportunities for parliamentarians to participate in its discussions.","- Aumentó la conciencia de los parlamentarios sobre la importancia de un acuerdo global sobre pandemias.  
- Destacó las oportunidades para que los parlamentarios participen en sus discusiones."
NSA-2025-39-A_5,39,,NSA/ANE,"At the UNITE Global Summit 2022, UNITE, WHO, and UHC2030 organized a Regional Dialogue on Universal Health Coverage (UHC), involving parliamentarians in discussions about key political drivers, regional advancements, and the mobilization of domestic resources to promote UHC. The dialogue facilitated the sharing of best practices and aimed to raise awareness among parliamentarians about achieving UHC in every country.","En la Cumbre Global UNITE 2022, UNITE, la OMS y UHC2030 organizaron un Diálogo Regional sobre la UHC, involucrando a parlamentarios en discusiones sobre los principales impulsores políticos, el progreso regional y la movilización de recursos internos para avanzar en la UHC. El diálogo promovió el intercambio de mejores prácticas y la concienciación entre los parlamentarios sobre la consecución de la UHC en cada país.","The Summit concluded with the signing of a Declaration of Intent by the attending parliamentarians, which included a strong delegation of members from UNITE's Latin America and the Caribbean Chapter. The declaration endorsed a Health in All Policies approach and emphasized the importance of involving parliamentarians in negotiations for an international Pandemic Agreement. Furthermore, the declaration encouraged multilateralism and international cooperation to strengthen health systems and improve health financing—critical steps toward advancing sustainable health policies and achieving the UN Sustainable Development Goals (SDGs).","- La Cumbre concluyó con la firma de una Declaración de Intenciones por parte de los parlamentarios asistentes, que incluyó una fuerte delegación de miembros del Capítulo de América Latina y el Caribe de UNITE.  
- La declaración respaldó un enfoque de Salud en Todas las Políticas y enfatizó la importancia de involucrar a los parlamentarios en las negociaciones para un Acuerdo Internacional sobre Pandemias.  
- Además, la declaración fomentó el multilateralismo y la cooperación internacional para fortalecer los sistemas de salud y mejorar la financiación de la salud, pasos críticos para avanzar en políticas de salud sostenibles y alcanzar los Objetivos de Desarrollo Sostenible (ODS) de la ONU."
NSA-2025-39-A_6,39,,NSA/ANE,"In 2024, prior to the voting and adoption of the Pandemic Agreement proposal, UNITE launched a communication campaign titled ""Myth vs Reality."" The campaign included a series of questions and explanatory messages designed to clarify the content and negotiation process of the Agreement, as well as to address common myths and misinformation surrounding it.","En 2024, antes de la votación y adopción de la propuesta del Acuerdo sobre Pandemias, UNITE lanzó una campaña de comunicación titulada ""Mito vs Realidad"". La campaña presentó una serie de preguntas y mensajes explicativos destinados a aclarar el contenido y el proceso de negociación del Acuerdo, así como a abordar los mitos comunes y la desinformación que circula en torno a él.","- Enhanced parliamentarians’ knowledge of the Pandemic Agreement — its purpose, relevance to national and global health security, and the fact that its adoption does not compromise national sovereignty or grant WHO authority to impose lockdowns or mandatory vaccinations.  
- The campaign was disseminated through UNITE’s social media channels and later made available on a dedicated webpage, ensuring continued access for parliamentarians, partners, stakeholders, and the general public.","- Aumentar el conocimiento de los parlamentarios sobre el Acuerdo de Pandemia: su propósito, relevancia para la seguridad sanitaria nacional y global, y el hecho de que su adopción no compromete la soberanía nacional ni otorga a la OMS la autoridad para imponer confinamientos o vacunaciones obligatorias.  
- La campaña se difundió a través de los canales de redes sociales de UNITE y posteriormente se hizo disponible en una página web dedicada, asegurando el acceso continuo para parlamentarios, socios, partes interesadas y el público en general."
NSA-2025-39-A_7,39,,PAHO/OPS & NSA/ANE,"On July 4th, 2024, UNITE facilitated a high-level meeting between Dr. Jarbas Barbosa, PAHO Director, and Members of the Portuguese Parliament. The meeting took place at the Portuguese Parliament and provided an opportunity for direct dialogue on regional health priorities and the role of parliamentarians in advancing public health agendas.","El 4 de julio de 2024, UNITE facilitó una reunión de alto nivel entre el Dr. Jarbas Barbosa, Director de la OPS, y miembros del Parlamento Portugués. La reunión tuvo lugar en el Parlamento Portugués y brindó una oportunidad para un diálogo directo sobre las prioridades de salud regional y el papel de los parlamentarios en el avance de las agendas de salud pública.","Dr. Barbosa presented PAHO’s regional work and its collaboration with observer members, including Portugal, as a long-standing and valued partner. He also highlighted PAHO’s initiatives in Portuguese-speaking African countries and expressed the organization’s interest in strengthening its collaboration with the newly elected Parliamentary Health Commission.","- El Dr. Barbosa presentó el trabajo regional de la OPS y su colaboración con los miembros observadores, incluyendo a Portugal, como un socio valioso y de larga data.  
- También destacó las iniciativas de la OPS en los países africanos de habla portuguesa y expresó el interés de la organización en fortalecer su colaboración con la recién elegida Comisión de Salud del Parlamento."
NSA-2025-39-A_8,39,,NSA/ANE,"On April 4th and 5th, 2022, UNITE held a Regional Meeting in Buenos Aires, Argentina, bringing together members of its Latin America and the Caribbean Chapter to discuss strategies for pandemic preparedness and digital health to advance Universal Health Coverage (UHC). The event also featured the participation of representatives from PAHO, UNAIDS, the AIDS Healthcare Foundation (AHF), and the Coalition for Epidemic Preparedness Innovations (CEPI).","El 4 y 5 de abril de 2022, UNITE llevó a cabo una Reunión Regional en Buenos Aires, Argentina, reuniendo a miembros de su Capítulo de América Latina y el Caribe para discutir estrategias para la preparación ante pandemias y la salud digital con el fin de avanzar en la Cobertura Universal de Salud (CUS). El evento también contó con la participación de representantes de la OPS, ONUSIDA, la Fundación de Atención Médica del SIDA (AHF) y la Coalición para las Innovaciones en Preparación Epidémica (CEPI).","-The regional meeting, focused on strengthening the global health architecture for pandemic preparedness, provided a space for parliamentarians from different countries to share experiences and engage in dialogue.  
-PAHO was represented by Dr. Ignacio Ibarra, who shared the actions parliamentarians can actively take to support WHO in the region.  
-Parliamentarians learned and discussed UNITE's 2022 strategy and work plan for the region, and gained crucial tools to advocate for effective pandemic preparedness and Universal Health Coverage (UHC).  
-Discussions also addressed research and development (R&D) investment, the need for a pandemic treaty, and the importance of human rights and digital transformation in achieving the Sustainable Development Goals (SDGs).  
-The meeting concluded with the signing of the first regional declaration in support of a stronger global health architecture.  
-This contributed to consolidating sustained collaboration between PAHO and UNITE’s parliamentary network in the Americas, which has continued through subsequent regional and global initiatives.","- La reunión regional, centrada en fortalecer la arquitectura de salud global para la preparación ante pandemias, proporcionó un espacio para que los parlamentarios de diferentes países compartieran experiencias y participaran en un diálogo.
- La OPS estuvo representada por el Dr. Ignacio Ibarra, quien compartió las acciones que los parlamentarios pueden tomar activamente para apoyar a la OMS en la región.
- Los parlamentarios aprendieron y discutieron la estrategia y el plan de trabajo de UNITE para 2022 en la región, y obtuvieron herramientas cruciales para abogar por una preparación efectiva ante pandemias y la cobertura sanitaria universal (CSU).
- Las discusiones también abordaron la inversión en I+D, la necesidad de un tratado pandémico y la importancia de los derechos humanos y la transformación digital en la consecución de los ODS.
- La reunión concluyó con la firma de la primera declaración regional en apoyo a una arquitectura de salud global más sólida.
- Contribuyó a consolidar la colaboración sostenida entre la OPS y la red parlamentaria de UNITE en las Américas, que ha continuado a través de iniciativas regionales y globales posteriores."
NSA-2025-39-A_9,39,,PAHO/OPS & NSA/ANE,"In April 2025, UNITE, with the support of PAHO, contributed to the establishment of the Diplomats for Health Front in Bolivia — a regional, innovative initiative led by Hon. Cláudio Marte, UNITE member and Ambassador of the Dominican Republic to Bolivia. This experience seeks to inspire similar initiatives in other countries across the Americas.","En abril de 2025, UNITE, con el apoyo de la OPS, contribuyó al establecimiento del Frente de Diplomáticos para la Salud en Bolivia, una iniciativa regional e innovadora liderada por el Hon. Cláudio Marte, miembro de UNITE y Embajador de la República Dominicana en Bolivia. Esta experiencia busca inspirar iniciativas similares en otros países de las Américas.","This initiative reflects a growing recognition of the role of diplomatic engagement in addressing health challenges, promoting research, and fostering international cooperation with PAHO and WHO. By uniting efforts across sectors, it contributes to strengthening global health systems and reducing health inequalities, and may serve as a model for similar efforts in other countries in the region.","- Esta iniciativa refleja un reconocimiento creciente del papel del compromiso diplomático para abordar los desafíos de salud, promover la investigación y fomentar la cooperación internacional con la OPS y la OMS.  
- Al unir esfuerzos entre sectores, contribuye a fortalecer los sistemas de salud globales y reducir las desigualdades en salud, y puede servir como un modelo para esfuerzos similares en otros países de la región."
NSA-2025-39-A_10,39,,NSA/ANE,"In 2023, UNITE launched the “Join Your Delegation” Campaign (JYD), a recurring initiative aimed at encouraging its members to participate in high-level global health forums, such as the World Health Assembly (WHA) and the United Nations General Assembly (UNGA), by formally requesting to be included in their national delegations through their respective Parliaments and Governments.","En 2023, UNITE lanzó la Campaña “Únete a tu Delegación” (JYD), una iniciativa recurrente diseñada para alentar a sus miembros a participar en foros globales de salud de alto nivel, como la Asamblea Mundial de la Salud (AMS) y la Asamblea General de las Naciones Unidas (AGNU), solicitando formalmente su inclusión en las delegaciones nacionales a través de sus respectivos Parlamentos y Gobiernos.","- UNITE developed a campaign briefing and a letter template addressed to Ministers of Health, which parliamentarians could use to support their formal request to join national delegations to WHA76.
- Promotional materials were created for use on personal social media channels, encouraging other parliamentarians to join the campaign and amplify its visibility.
- All materials were shared with UNITE members and published on the dedicated JYD webpage, making them accessible to partners, interested stakeholders, and the general public.","- UNITE desarrolló un informe de campaña y una plantilla de carta dirigida a los Ministros de Salud, que los parlamentarios podrían utilizar para apoyar su solicitud formal de unirse a las delegaciones nacionales en la WHA76.  
- Se crearon materiales promocionales para su uso en los canales de redes sociales personales, animando a otros parlamentarios a unirse a la campaña y amplificar su visibilidad.  
- Todos los materiales se compartieron con los miembros de UNITE y se publicaron en la página web dedicada de JYD, haciéndolos accesibles a socios, partes interesadas y al público en general."
NSA-2025-39-A_11,39,,PAHO/OPS & NSA/ANE,"On September 23rd, 2025, PAHO and UNITE, on the sidelines of UNGA 80 in New York, signed a Memorandum of Understanding aimed at supporting lawmakers in shaping public health policy through informed debate, evidence-based decision-making, and greater alignment with international health standards and priorities.","El 23 de septiembre de 2025, la OPS y UNITE, al margen de la 80ª Asamblea General de la ONU en Nueva York, firmaron un Memorando de Entendimiento destinado a apoyar a los legisladores en la formulación de políticas de salud pública a través de un debate informado, la toma de decisiones basada en evidencia y una mayor alineación con los estándares y prioridades internacionales de salud.","Through the Framework Agreement, both organizations committed to organizing joint initiatives such as technical webinars, workshops, and high-level events focused on strengthening legislative responses to public health challenges. Topics may include health financing, universal health coverage, pandemic preparedness, noncommunicable diseases, and the social and environmental determinants of health.

PAHO will continue to provide technical assistance and share guidance and data to support parliamentarians in shaping policy aligned with regional and global health goals. UNITE will engage its extensive network of parliamentarians to promote knowledge sharing, identify legislative gaps, and foster political will around health reforms.","A través del Acuerdo Marco, ambas organizaciones se comprometieron a organizar iniciativas conjuntas como seminarios web técnicos, talleres y eventos de alto nivel enfocados en fortalecer las respuestas legislativas a los desafíos de salud pública. Los temas pueden incluir financiamiento de la salud, cobertura de salud universal, preparación para pandemias, enfermedades no transmisibles y los determinantes sociales y ambientales de la salud.

La OPS continuará brindando asistencia técnica y compartiendo orientación y datos para apoyar a los parlamentarios en la formulación de políticas alineadas con los objetivos de salud regionales y globales. UNITE involucrará su amplia red de parlamentarios para promover el intercambio de conocimientos, identificar brechas legislativas y fomentar la voluntad política en torno a las reformas de salud."
NSA-2025-39-A_12,39,,PAHO/OPS & NSA/ANE,"Since 2022, UNITE and PAHO have collaborated in the Region through sustained parliamentary engagement on health legislation and governance. This includes consultations on priorities, joint agenda-setting, and PAHO’s technical participation in dialogues and policy discussions organized by UNITE Americas Chapter. Activities support PAHO’s cooperation on health law and governance and have informed legislative debates on digital health, pandemic preparedness, AMR, health financing, and mental health.","Desde 2022, UNITE y la OPS han colaborado en la Región a través de un compromiso parlamentario sostenido en la legislación y gobernanza de la salud. Esto incluye consultas sobre prioridades, establecimiento conjunto de agendas y la participación técnica de la OPS en diálogos y discusiones políticas organizadas por el Capítulo de UNITE América. Las actividades apoyan la cooperación de la OPS en derecho y gobernanza de la salud y han informado los debates legislativos sobre salud digital, preparación para pandemias, resistencia a los antimicrobianos (RAM), financiamiento de la salud y salud mental.","- Strengthened parliamentary capacity to engage with PAHO technical cooperation on health legislation and governance.
- Expanded PAHO’s engagement with legislative actors as part of its multisectoral approach under the Sustainable Health Agenda for the Americas.
- Facilitated regional exchange of legislative experiences and best practices, contributing to more coherent and informed health policymaking.","– Fortalecida la capacidad parlamentaria para interactuar con la cooperación técnica de la OPS en legislación y gobernanza en salud.  
– Ampliada la participación de la OPS con actores legislativos como parte de su enfoque multisectorial bajo la Agenda de Salud Sostenible para las Américas.  
– Facilitado el intercambio regional de experiencias legislativas y mejores prácticas, contribuyendo a una formulación de políticas de salud más coherente e informada."
NSA-2025-38-A_1,38,,PAHO/OPS & NSA/ANE,"Consolidation of preparatory work for the virtual course on sexual health for first-level healthcare professionals. Throughout 2024, an Advisory Group made up of international experts affiliated with WAS and professionals from PAHO/WHO reviewed, agreed upon, and approved the format, objectives, and content of the modules through virtual meetings. The Group continues to oversee the subsequent stages leading to full implementation.","Consolidación del trabajo preparatorio para el curso virtual sobre salud sexual para profesionales de la salud en el primer nivel de atención. Durante 2024, un Grupo Asesor compuesto por expertos internacionales afiliados a la WAS y profesionales de la OPS/OMS revisó, acordó y aprobó el formato, los objetivos y el contenido de los módulos a través de reuniones virtuales. El Grupo continúa supervisando las etapas posteriores que conducen a la implementación completa.","- Progress and the evidence of Systematic Reviews were presented at a joint symposium during the XXII Latin American Congress of Sexology and Sexual Education, ""CLASES 2024"" in Lima, Peru. 
- On World Sexual Health Day, September 4, 2025, PAHO and WAS launched the virtual course ""Sexual Health for Professionals at the First Level of Care,"" available on PAHO's Virtual Campus for Public Health. In the first month after launching the course, 1,800 participants registered on the virtual campus in Spanish.
- Conceptual contribution to the Global Sexual Health Observatory at the University of Porto in Portugal.","- Se presentaron los avances y la evidencia de las Revisiones Sistemáticas en un simposio conjunto durante el XXII Congreso Latinoamericano de Sexología y Educación Sexual, ""CLASES 2024"" en Lima, Perú.  
- En el Día Mundial de la Salud Sexual, el 4 de septiembre de 2025, la OPS y la WAS lanzaron el curso virtual ""Salud Sexual para Profesionales del Primer Nivel de Atención"", disponible en el Campus Virtual de Salud Pública de la OPS. Solo en el primer mes después del lanzamiento del curso, 1.800 participantes se registraron en el campus virtual en español.  
- Contribución conceptual al Observatorio Global de Salud Sexual en la Universidad de Oporto en Portugal."
NSA-2025-35-A_1,35,,PAHO/OPS,"MOD participated in a virtual meeting (Sick & Small Newborns, October 31, 2024) organized by PAHO/WHO to advocate for the rights of children born prematurely, as well as those of their families. MOD presented on the importance of the family voice and family-centered care for families who have a baby in the NICU, drawing on institutional expertise. Representatives from parent groups of preterm babies from ten countries across the Americas were supported.","MOD participó en una reunión virtual (Recién nacidos enfermos y pequeños, 31 de octubre de 2024) organizada por la OPS/OMS para abogar por los derechos de los niños nacidos prematuramente, así como por los de sus familias. MOD presentó sobre la importancia de la voz de la familia y la atención centrada en la familia para las familias que tienen un bebé en la UCI neonatal, basándose en la experiencia institucional. Se brindó apoyo a representantes de grupos de padres de bebés prematuros de diez países de las Américas.",Groups of preterm families from ten priority countries in Latin America and the Caribbean shared their experiences and enhanced their knowledge and skills in communication as a means of strengthening awareness and family participation in providing care for small and sick newborns.,Grupos de familias de recién nacidos prematuros de diez países prioritarios de América Latina y el Caribe compartieron su experiencia y mejoraron su conocimiento y habilidades en comunicación como medio para fortalecer la concienciación y la participación de las familias en la atención de recién nacidos pequeños y enfermos.
NSA-2025-35-A_2,35,,PAHO/OPS,"MOD participated in a webinar coordinated by PAHO: Challenges and Perspectives of Families in Providing Care to Newborns with Cardiac Heart Disease. (August 27, 2024) MOD presented on ""Shaping Policy for Change: Incorporating Family Perspectives."" The MOD policy team discussed the role of civil society in shaping policy, advocating for newborn screening, and incorporating the voices of families in policymaking.","MOD participó en un seminario web coordinado por la OPS: Desafíos y perspectivas de las familias en la atención a recién nacidos con enfermedades cardíacas. (27 de agosto de 2024) MOD presentó sobre ""Dando forma a la política para el cambio: incorporando las perspectivas familiares"". El equipo de políticas de MOD habló sobre el papel de la sociedad civil en la formulación de políticas y sobre la defensa de la detección temprana en recién nacidos, así como la incorporación de la voz de la familia en la toma de decisiones políticas.","Increased awareness of the need to include the perspectives of families in the planning of policies and advocating for them. More than 700 participants, including families and organizations from civil society, attended the meeting.","Aumento de la conciencia sobre la necesidad de incluir las perspectivas de las familias en la planificación de políticas y en la defensa de las mismas. Más de 700 participantes, incluidas familias y organizaciones de la sociedad civil, asistieron a la reunión."
NSA-2025-35-A_3,35,,PAHO/OPS & NSA/ANE,"MOD co-led the organization of the 10th International Conference on Birth Defects, which focused on the theme: Accelerating Action for Birth Defects and Disabilities: Surveillance, Prevention, Screening, Management, and Family-Centered Care. The conference was held in Chile from March 1-4, 2023. MOD, along with PAHO, WHO, CDC, and scientific and academic institutions such as the International Clearinghouse for Birth Defects Surveillance and Research, co-organized and led the conference.","MOD co-lideró la organización de la 10ª Conferencia Internacional sobre Defectos de Nacimiento, centrada en el tema: Acelerando la Acción para los Defectos de Nacimiento y Discapacidades: Vigilancia, Prevención, Detección, Manejo y Atención Centrada en la Familia, que se llevó a cabo en Chile del 1 al 4 de marzo de 2023. MOD, junto con la OPS, la OMS, los CDC y las instituciones científicas y académicas como el Centro Internacional de Información sobre Vigilancia e Investigación de Defectos de Nacimiento, co-organizó y lideró la Conferencia.","The conference had 220 registered participants, with 189 in attendance. Participants included representatives from 25 countries, listed in alphabetical order: Argentina, Australia, Bangladesh, Bolivia, Botswana, Brazil, Chile, Colombia, Costa Rica, England, India, Kenya, Malawi, Namibia, Nepal, Nicaragua, Pakistan, Paraguay, Philippines, South Africa, Sri Lanka, Switzerland, Uganda, the United States, and Uruguay. 

Over the four-day conference, there were six plenary sessions and 114 presentations covering topics such as screening, surveillance, prevention, management and care, and parent engagement. Additionally, there were 84 posters showcasing a variety of topics and findings. A pre-conference workshop focused on surveillance was conducted by the CDC and WHO, with 32 participants.

As a next step from ICBD2023, participants agreed to initiate a Call to Action regarding the integration, prevention, screening, diagnosis, and management of birth defects and disabilities into routine health services.","La conferencia tuvo 220 participantes registrados, de los cuales 189 asistieron. Los participantes incluyeron representación de 25 países, incluyendo (en orden alfabético) Argentina, Australia, Bangladés, Bolivia, Botsuana, Brasil, Chile, Colombia, Costa Rica, Inglaterra, India, Kenia, Malaui, Namibia, Nepal, Nicaragua, Pakistán, Paraguay, Filipinas, Sudáfrica, Sri Lanka, Suiza, Uganda, Estados Unidos y Uruguay. 

Durante la conferencia de cuatro días, se llevaron a cabo seis sesiones plenarias y 114 presentaciones que abarcaron temas de detección, vigilancia, prevención, manejo y atención, así como la participación de los padres. También hubo 84 carteles que presentaron una variedad de temas y hallazgos. Un taller previo a la conferencia centrado en la vigilancia fue dirigido por los CDC y la OMS con 32 participantes.

Como siguiente paso de ICBD2023, los participantes se alinearon para iniciar un Llamado a la Acción respecto a la integración, prevención, detección, diagnóstico y manejo de los defectos de nacimiento y la discapacidad en los servicios de salud rutinarios."
NSA-2025-35-A_4,35,,PAHO/OPS,"PAHO organized a webinar in commemoration of World Patient Safety Day (WPSD) on September 23, 2025, with the theme ""Safe care for every newborn and every child."" MOD contributed by presenting the experience of family and caregiver involvement in the quality and safety of newborn care. MOD also advocated for the role of families and caregivers in improving the quality of care, which depends not only on healthcare teams but also on their caregivers.","La OPS organizó un seminario web en conmemoración del Día Mundial de la Seguridad del Paciente (WPSD), el 23 de septiembre de 2025, con el tema ""Cuidado seguro para cada recién nacido y cada niño"". MOD contribuyó presentando la experiencia en la participación de familias y cuidadores en la calidad y seguridad del cuidado de los recién nacidos. MOD también abogó por el papel de las familias y cuidadores en la mejora de la calidad del cuidado, que depende no solo de los equipos de salud, sino también de sus cuidadores.","Over 3,000 registrants and more than 1,000 who actively participated until the end.","Más de 3,000 registrados y más de 1,000 que participaron activamente hasta el final."
NSA-2025-29-A_1,29,,NSA/ANE,"Mobilization of the IDF network to advocate with national Ministries of Health for the inclusion of the HEARTS package D-module on diagnosis and management of type 2 diabetes in national programs, promotion of the use of the PAHO Strategic Fund, and dissemination of global initiatives such as Better Care for NCDs, the Global Diabetes Compact, and the diabetes coverage targets.","Movilización de la red de las FDI para abogar ante los Ministerios de Salud nacionales por la inclusión del módulo D del paquete HEARTS sobre diagnóstico y manejo de la diabetes tipo 2 en los programas nacionales, promoción del uso del Fondo Estratégico de la OPS y difusión de iniciativas globales como Mejor Atención para las ENCD, el Pacto Global sobre Diabetes y los objetivos de cobertura de la diabetes.","-A leaflet (in English and Spanish) was created to support advocacy efforts by the IDF network with national Ministries of Health, outlining the HEARTS package D-module, Better Care for NCDs, the Global Diabetes Compact, diabetes coverage targets, and the PAHO Strategic Fund.

-A Webinar (in English and Spanish) was held for IDF members to present the leaflet and offer guidance on its use, with participation from the PAHO focal point.","- Se desarrolló un folleto (en inglés y español) para apoyar los esfuerzos de defensa de la red de la IDF con los Ministerios de Salud nacionales, describiendo el módulo D del paquete HEARTS, Mejor Atención para las ENTs, el Compromiso Global sobre la Diabetes, los objetivos de cobertura de diabetes y el Fondo Estratégico de la OPS.

- Se llevó a cabo un seminario web (en inglés y español) para los miembros de la IDF con el fin de presentar el folleto y proporcionar orientación sobre su uso, con la participación del punto focal de la OPS."
NSA-2025-29-A_2,29,,PAHO/OPS & NSA/ANE,"Collaboration between IDF and PAHO to cross-promote educational materials and activities related to diabetes, including the dissemination of public education resources, joint participation in online events, and joint visibility efforts such as the World Diabetes Day campaign.","Colaboración entre la IDF y la OPS para promover de manera cruzada materiales educativos y actividades relacionadas con la diabetes, incluyendo la difusión de recursos de educación pública, la participación conjunta en eventos en línea y esfuerzos conjuntos de visibilidad, como la campaña del Día Mundial de la Diabetes.","- Monthly calls with the focal point for a continuous exchange of information between IDF and PAHO about ongoing activities.
- Cross-promotion of World Diabetes Day and relevant international days messaging.
- IDF and its North America and Caribbean and South and Central American Regions shared relevant PAHO social media posts with its network (notably on Better Care on NCDs and HEARTS-D) to promote the work of the entity.","- Llamadas mensuales con el punto focal para un intercambio continuo de información entre la IDF y la OPS sobre las actividades en curso.  
- Promoción cruzada del Día Mundial de la Diabetes y mensajes de días internacionales relevantes.  
- La IDF y sus Regiones de América del Norte y el Caribe, así como de América del Sur y Central, compartieron publicaciones relevantes de la OPS en redes sociales con su red (notablemente sobre Mejor Atención en las ENTs y HEARTS-D), para promover el trabajo de la entidad."
NSA-2025-29-A_3,29,,NSA/ANE,"Development of infographics for healthcare professionals and individuals living with diabetes, focusing on diabetes-related complications and the prevention of type 2 diabetes, aimed at the general public.","Desarrollo de infografías para profesionales de la salud y personas que viven con diabetes, centradas en las complicaciones relacionadas con la diabetes y la prevención de la diabetes tipo 2, dirigidas al público en general.","- This activity was not included in the original plan, but it was agreed to replace the awareness-raising webinar that could not be developed.  
- The infographics began development in September 2025 and will be ready in early 2026. They will focus on raising awareness of diabetes complications for healthcare professionals and individuals living with or at risk of diabetes.  
- The plan has been discussed with our focal point, who will receive the drafts for input as soon as they are ready.","- Esta actividad no estaba incluida en el plan original, pero se acordó reemplazar el seminario web de sensibilización que no pudo desarrollarse.  
- Las infografías comenzaron a desarrollarse en septiembre de 2025 y estarán listas a principios de 2026. Se centrarán en la concienciación sobre las complicaciones de la diabetes para profesionales de la salud y personas que viven con diabetes o que están en riesgo de padecerla.  
- El plan ha sido discutido con nuestro punto focal, quien recibirá los borradores para su revisión tan pronto como estén listos."
NSA-2025-27-A_1,27,,NSA/ANE,"USP worked closely with PAHO on activities to enhance access to quality and safe medicines, helping to improve the health of people in Latin America and the Caribbean. Building on previous accomplishments, USP collaborated with PAHO to further strengthen the regional regulatory capacities to respond to the challenges of ensuring the availability of quality-assured products.","USP trabajó en estrecha colaboración con la OPS en actividades para mejorar el acceso a medicamentos de calidad y seguros, ayudando a mejorar la salud de las personas en América Latina y el Caribe. Basándose en logros anteriores, USP colaboró con la OPS para fortalecer aún más las capacidades regulatorias regionales para responder a los desafíos de garantizar la disponibilidad de productos con garantía de calidad.","USP and PAHO together helped enhance regional capacity to ensure the quality of medicines and other health technologies available to patients and consumers. Improved quality management systems in regulatory and laboratory settings, in alignment with internationally recognized standards, can effectively support the regulatory system within the country and/or in sub-regional initiatives.","USP y la OPS juntos ayudaron a mejorar la capacidad regional para garantizar la calidad de los medicamentos y otras tecnologías de salud disponibles para pacientes y consumidores. Se mejoraron los sistemas de gestión de calidad en entornos regulatorios y de laboratorio, en alineación con estándares internacionalmente reconocidos, que pueden apoyar de manera efectiva el sistema regulatorio dentro del país y/o en iniciativas subregionales."
NSA-2025-27-A_2,27,,NSA/ANE,USP supported PANDRH's projects and contributed capabilities relevant to the thematic areas of the Network. USP shared its knowledge and experience regarding the quality and safety of medicines and other health technologies to advance the relevant subject areas identified as priorities/strategies by the Network. USP also assisted PANDRH in aligning with other global regulatory cooperation initiatives.,"USP apoyó los proyectos de PANDRH y contribuyó con capacidades relevantes a las áreas temáticas de la Red. USP aportó su conocimiento y experiencia en la calidad y seguridad de los medicamentos y otras tecnologías de salud para avanzar en las áreas temáticas relevantes, identificadas como prioritarias/estratégicas por la Red. USP también apoyó a PANDRH en la convergencia con otras iniciativas de cooperación regulatoria global.","USP's support of PANDRH projects helped advance the Network's goal of promoting drug regulatory harmonization for all aspects of quality, safety, and efficacy of medicines and other health technologies. USP presented at multiple panel sessions and helped shape the recommendations of the XI Conference of the Pan American Network on Drug Regulatory Harmonization (CPANDRH). At the PANDRH Steering Committee meeting, USP also advised Steering Committee members on how to support the implementation of the CPANDRH recommendations.","El apoyo de USP a los proyectos de PANDRH ayudó a avanzar en el objetivo de la Red de promover la armonización regulatoria de medicamentos en todos los aspectos de calidad, seguridad y eficacia de los medicamentos y otras tecnologías de salud. USP participó en múltiples sesiones de panel y ayudó a dar forma a las recomendaciones de la XI Conferencia de la Red Panamericana de Armonización Regulatoria de Medicamentos (CPANDRH). En la reunión del Comité Directivo de PANDRH, USP también asesoró a los miembros del Comité Directivo sobre cómo apoyar la implementación de las recomendaciones de la CPANDRH."
NSA-2025-24-A_1,24,,PAHO/OPS & NSA/ANE,"**Title of activity:** Strengthen civil society capacity to promote effective policies for preventing non-communicable diseases (NCDs).  
**Description:** Strengthen the region’s civil society capacity to promote the adoption, implementation, and monitoring of effective policies to reduce risk factors and contribute to the prevention of chronic, non-communicable diseases.","Título de la actividad: Fortalecer la capacidad de la sociedad civil para promover políticas efectivas para la prevención de enfermedades no transmisibles o ENT.  
Descripción: Fortalecer la capacidad de la sociedad civil de la región para promover la adopción, implementación y monitoreo de políticas efectivas que reduzcan los factores de riesgo y contribuyan a la prevención de enfermedades crónicas no transmisibles.","- 3 out of 4 Central American countries, in collaboration with PAHO, now have legislative proposals for Front-of-Package Warning Labels. Workshops were held in Costa Rica (2023), Guatemala (2024), and Panama (2025), along with capacity-building efforts for legislators.
- Bolivia, Ecuador, and Panama, in partnership with PAHO, have advanced proposals to eliminate industrially produced trans fatty acids (TFA), engaging civil society to ensure that the bills align with PAHO's best practices.
- Advocacy for mandatory sodium reduction targets is underway in Costa Rica and Panama, in collaboration with PAHO, through social mobilization, campaigns, and events involving civil society, academia, and health authorities.
- Together with Colansa and PAHO, financial and technical support was provided for 4 subgrants focused on agroecology, school environments, UPF marketing regulation, and coalition building.
- ALASA, a regional alliance aimed at reducing alcohol consumption, was organized to support PAHO; it is now assisting Uruguay and Costa Rica in forming national alliances.","- 3 de 4 países de América Central, en conjunto con la OPS, ahora tienen propuestas legislativas sobre Etiquetas de Advertencia en el Frente del Paquete. Se llevaron a cabo talleres en Costa Rica (2023), Guatemala (2024) y Panamá (2025), además de capacitación con legisladores.
- Bolivia, Ecuador y Panamá, en colaboración con la OPS, avanzaron propuestas para eliminar los ácidos grasos trans (TFA) producidos industrialmente, involucrando a la sociedad civil para mantener los proyectos de ley alineados con las mejores prácticas de la OPS.
- Abogacía por objetivos obligatorios de reducción de sodio en Costa Rica y Panamá, en conjunto con la OPS, a través de movilización social, campañas y eventos con la sociedad civil, la academia y las autoridades de salud.
- Con Colansa y la OPS, se proporcionó apoyo financiero y técnico a 4 subgrupos sobre agroecología, entornos escolares, regulación de la comercialización de alimentos ultraprocesados y construcción de coaliciones.
- Se organizó ALASA, una alianza regional para reducir el consumo de alcohol, apoyando a la OPS; ahora asistiendo a Uruguay y Costa Rica para formar alianzas nacionales."
NSA-2025-24-A_2,24,,NSA/ANE,"**Title of activity:** Stronger Communication for Advocacy

**Description:** Bring together communication experts from civil society and partner organizations to enhance communication by linking local, national, and regional levels to support policy change. CLAS plans to establish a regional communication space that fosters synergies, empowers local advocates, and articulates the efforts of various groups.","Título de la actividad: Comunicación más fuerte para la defensa

Descripción: Reunir a expertos en comunicación de la sociedad civil y organizaciones asociadas y promover una comunicación mejorada conectando los niveles local, nacional y regional para apoyar el avance del cambio de políticas. CLAS planea organizar un espacio de comunicación regional que genere sinergias, empodere a los defensores locales y articule los esfuerzos de diversos grupos.","-CLAS and Colansa launched SaludableSaberlo and, in collaboration with PAHO, expanded and integrated it with PAHO’s platforms to improve the reach of evidence-based information to the public, media, and decision-makers.  
-CLAS, COLANSA, and PAHO jointly developed scientific materials and co-designed campaigns disseminated through their channels, integrating national and regional communications and social/traditional media to empower local advocates.  
-With PAHO, SaludableSaberlo hosted webinars on journalism, conflict of interest, and digital marketing, and compiles top-read articles in a monthly newsletter.  
-In September 2025, SaludableSaberlo and PAHO held a journalist workshop with over 40 participants from 10 countries. Reach has grown significantly since its launch in January 2024.","-CLAS y Colansa lanzaron SaludableSaberlo y, en colaboración con la OPS, lo expandieron e integraron con las plataformas de la OPS para mejorar el alcance de la información basada en evidencia al público, los medios y los tomadores de decisiones.  
-CLAS, COLANSA y la OPS desarrollaron conjuntamente materiales científicos y co-diseñaron campañas que se difundieron a través de sus canales, integrando las comunicaciones nacionales y regionales y los medios sociales/tradicionales para empoderar a los defensores locales.  
-Con la OPS, SaludableSaberlo organizó seminarios web sobre periodismo, conflictos de interés y marketing digital, y compila los artículos más leídos en un boletín mensual.  
-En septiembre de 2025, SaludableSaberlo y la OPS llevaron a cabo un taller para periodistas con más de 40 participantes de 10 países. El alcance ha crecido significativamente desde su lanzamiento en enero de 2024."
NSA-2025-21-A_1,21,,PAHO/OPS & NSA/ANE,"In September 2024, PAHO participated in ASM’s Policy Conference on Equitable Access to Diagnostics to address AMR. In August 2025, ASM presented its work on Bordetella pertussis surveillance during a ReLAVRA webinar. In September 2025, PAHO joined ASM in a workshop in Mexico City to review Bordetella pertussis outbreaks in Latin America and associated macrolide resistance, providing technical guidance to strengthen collaboration among Mexico, Brazil, and Peru.","En septiembre de 2024, la OPS participó en la Conferencia de Políticas de ASM sobre el Acceso Equitativo a los Diagnósticos para abordar la RAM.  
En agosto de 2025, ASM presentó su trabajo sobre la vigilancia de Bordetella pertussis durante un seminario web de ReLAVRA.  
En septiembre de 2025, la OPS se unió a ASM en un taller en la Ciudad de México para revisar los brotes de Bordetella pertussis en América Latina y la resistencia asociada a macrólidos, proporcionando orientación técnica para fortalecer la colaboración entre México, Brasil y Perú.","Identified potential opportunities for PAHO, ASM, and Latin American countries to maintain surveillance of Bordetella Pertussis infection and the development of resistance. ASM will assess these opportunities for inclusion in our US CDC funded Cooperative Agreement activities.","Identificadas oportunidades potenciales para la OPS, ASM y los países de América Latina para mantener la vigilancia de la infección por Bordetella Pertussis y el desarrollo de resistencia.  
ASM evaluará estas oportunidades para su incorporación en nuestras actividades del Acuerdo Cooperativo financiado por los CDC de EE. UU."
NSA-2025-18-A_1,18,,PAHO/OPS & NSA/ANE,"Baseline Data and Air Quality Management: Generated and synthesized baseline data to identify opportunities for improvement and strengthen air quality management tools, and support the development of integrated plans.","Datos de referencia y gestión de la calidad del aire: Se generaron y sintetizaron datos de referencia para identificar oportunidades de mejora y fortalecer las herramientas de gestión de la calidad del aire, así como apoyar el desarrollo de planes integrados.","- Air quality management capacities in 152 cities across Latin America and the Caribbean were mapped and visualized to effectively communicate key findings.
- This comprehensive dataset supported several initiatives, including the development of background analysis for updating Trinidad and Tobago’s National Air Pollution Rules.
- The dataset also served as a foundational input for updating the Regional Air Quality Action Plan for Latin America and the Caribbean (2022–2025) of the United Nations Environment Programme (UNEP).","- Se mapearon y visualizaron las capacidades de gestión de la calidad del aire en 152 ciudades de América Latina y el Caribe para comunicar de manera efectiva los hallazgos clave.  
- Este conjunto de datos integral apoyó varias iniciativas, incluida la elaboración de un análisis de antecedentes para actualizar las Normas Nacionales de Contaminación del Aire de Trinidad y Tobago.  
- El conjunto de datos también sirvió como un insumo fundamental para actualizar el Plan de Acción Regional de Calidad del Aire para América Latina y el Caribe (2022–2025) del Programa de las Naciones Unidas para el Medio Ambiente (PNUMA)."
NSA-2025-18-A_2,18,,PAHO/OPS & NSA/ANE,"Capacity Building: Organized joint capacity-building initiatives, such as webinars, workshops, and training resources covering air quality management, monitoring, emission inventories, and health risk assessments. Key PAHO and WHO tools leveraged include: AirQ+: Software Tool for Health Risk Assessment of Air Pollution, WHO Household Energy Assessment Rapid Tool (HEART), and Carbon Reduction Benefits on Health (CaRBonH) Calculation Tool.","Desarrollo de Capacidades: Se organizaron iniciativas conjuntas de desarrollo de capacidades, como seminarios web, talleres y recursos de capacitación que abarcan la gestión de la calidad del aire, el monitoreo, los inventarios de emisiones y las evaluaciones de riesgos para la salud. Las herramientas clave de la OPS y la OMS utilizadas incluyen: AirQ+: Herramienta de Software para la Evaluación de Riesgos para la Salud de la Contaminación del Aire, Herramienta Rápida de Evaluación de Energía Doméstica de la OMS (HEART) y Herramienta de Cálculo de Beneficios de Reducción de Carbono para la Salud (CaRBonH).","- Supported the implementation of the WHO Household Energy Assessment Rapid Tool in Honduras, Panama, Peru, and Paraguay to enhance data-driven decision-making.
- Updated PAHO Household Air Pollution Country Profiles in Belize, Bolivia, Colombia, Guatemala, Honduras, Mexico, Nicaragua, Panama, Paraguay, and Peru to inform policy-making.
- Strengthened the health sector’s capacity in Colombia to evaluate health co-benefits of climate change and air quality mitigation actions using AirQ+. Professionals from 20 cities were trained.
- Conducted an in-person training on air quality monitoring (March 12-14, 2024) and delivered a guided virtual course (May to September 2024) titled “Comprehensive Management of Air Quality and Health in the Framework of Climate Action: Guidance for Decision Makers in Central America and the Dominican Republic.” Over 40 participants from health and environment sectors participated, setting priority actions and estimating health benefits.","- Apoyó la implementación de la Herramienta Rápida de Evaluación de Energía en los Hogares de la OMS en Honduras, Panamá, Perú y Paraguay para mejorar la toma de decisiones basada en datos.
- Actualizó los Perfiles de Contaminación del Aire en los Hogares de la OPS en Belice, Bolivia, Colombia, Guatemala, Honduras, México, Nicaragua, Panamá, Paraguay y Perú para informar la formulación de políticas.
- Fortaleció la capacidad del sector salud en Colombia para evaluar los co-beneficios en salud de las acciones de mitigación del cambio climático y la calidad del aire utilizando AirQ+. Se capacitó a profesionales de 20 ciudades.
- Realizó una capacitación presencial sobre monitoreo de la calidad del aire (del 12 al 14 de marzo de 2024) y ofreció un curso virtual guiado (de mayo a septiembre de 2024) titulado “Gestión Integral de la Calidad del Aire y la Salud en el Marco de la Acción Climática: Orientaciones para Tomadores de Decisiones en Centroamérica y la República Dominicana.” Más de 40 participantes de los sectores de salud y medio ambiente participaron, estableciendo acciones prioritarias y estimando beneficios para la salud."
NSA-2025-18-A_3,18,,PAHO/OPS & NSA/ANE,"Regional Group of Experts on AirQ+: Supported the establishment of the Regional Group of Experts on AirQ+ in Latin America and the Caribbean, promoting the integration of health impact assessments into national air quality management processes.","Grupo Regional de Expertos en AirQ+: Apoyó el establecimiento del Grupo Regional de Expertos en AirQ+ en América Latina y el Caribe, fomentando la integración de evaluaciones de impacto en la salud en los procesos nacionales de gestión de la calidad del aire.","- Collaborated with PAHO, WHO, and regional partners to establish the Regional Group of Experts on AirQ+ in Latin America and the Caribbean.
- Co-organized and delivered an in-person technical training workshop on AirQ+ in Barranquilla, Colombia (October 2023), enhancing regional capacity for health impact assessments.
- Drafted a regional roadmap to guide actions for the group, establishing a foundation for coordinated efforts among the experts.","- Colaboró con la OPS, la OMS y socios regionales para establecer el Grupo Regional de Expertos en AirQ+ en América Latina y el Caribe.  
- Coorganizó y llevó a cabo un taller de capacitación técnica presencial sobre AirQ+ en Barranquilla, Colombia (octubre de 2023), mejorando la capacidad regional para evaluaciones de impacto en la salud.  
- Redactó una hoja de ruta regional para guiar las acciones del grupo, estableciendo una base para los esfuerzos coordinados entre los expertos."
NSA-2025-18-A_4,18,,PAHO/OPS & NSA/ANE,"Regulatory Development and Updates: Assisted in the revision of national air quality standards to align with WHO guidelines by conducting regulatory assessments, providing legislative guidance, developing emission reduction scenarios, performing air quality modeling, and evaluating health benefits using the AirQ+ tool.","Desarrollo y Actualizaciones Regulatorias: Apoyé la revisión de los estándares nacionales de calidad del aire en alineación con las directrices de la OMS a través de evaluaciones regulatorias, orientación legislativa, escenarios de reducción de emisiones, modelado de la calidad del aire y evaluaciones de beneficios para la salud utilizando la herramienta AirQ+.","- Designed regulatory guidelines on air quality, climate, and health to support regulatory development in the Central American Integration System (SICA) region, and assisted countries in evaluating the health co-benefits of updated air quality regulations.
- Developed a Regulatory Assessment Report in Trinidad and Tobago, which included the proposal of updated air quality objectives, the estimation of emission reduction scenarios, and the assessment of health co-benefits—using the AirQ+ tool—associated with the implementation of updated air pollution regulations based on the WHO Global Air Quality Guidelines 2021.","- Diseñó directrices regulatorias sobre calidad del aire, clima y salud para apoyar el desarrollo regulatorio en la región del Sistema de la Integración Centroamericana (SICA), y apoyó a los países en la evaluación de los co-beneficios para la salud de las regulaciones actualizadas sobre calidad del aire.  
- Desarrolló un Informe de Evaluación Regulatoria en Trinidad y Tobago, que incluye la propuesta de objetivos actualizados de calidad del aire, la estimación de escenarios de reducción de emisiones y la evaluación de los co-beneficios para la salud—utilizando la herramienta AirQ+—asociados con la implementación de regulaciones actualizadas sobre la contaminación del aire basadas en las Directrices Globales de Calidad del Aire de la OMS 2021."
NSA-2025-18-A_5,18,,PAHO/OPS & NSA/ANE,"Integrated Plans and Roadmaps: Developed comprehensive national and regional plans and identified key interventions to promote air quality, climate, and public health objectives.","Planes y Hoja de Ruta Integrados: Se desarrollaron planes nacionales y regionales integrados y se identificaron intervenciones clave para avanzar en los objetivos de calidad del aire, clima y salud pública.","- Consolidated the Integrated Roadmap for Air Quality, Short-Lived Climate Pollutants Mitigation, and Health for the Central American Integration System (SICA) region, including the selection of priority actions and their implementation as a first stage. This initial phase incorporated regulatory guidelines and capacity-building activities focused on air quality, climate, and health.
- Consolidated the country’s Roadmap for Action on Climate, Air Quality, and Health in Trinidad and Tobago, and defined a portfolio of priority interventions aimed at achieving the emission reduction scenario established as a target for updating the Air Pollution Rules.","- Consolidó la Hoja de Ruta Integrada para la Calidad del Aire, la Mitigación de Contaminantes Climáticos de Vida Corta y la Salud para la región del Sistema de Integración Centroamericana (SICA), incluyendo la selección de acciones prioritarias y su implementación como primera etapa. Esta fase inicial incorporó directrices regulatorias y actividades de fortalecimiento de capacidades centradas en la calidad del aire, el clima y la salud.  
- Consolidó la Hoja de Ruta del país para la Acción sobre Clima, Calidad del Aire y Salud en Trinidad y Tobago, y definió un portafolio de intervenciones prioritarias destinadas a lograr el escenario de reducción de emisiones establecido como objetivo para la actualización de las Normas de Contaminación del Aire."
NSA-2025-18-A_6,18,,PAHO/OPS & NSA/ANE,"Strengthened Air Quality Monitoring: Enhanced air quality monitoring through comprehensive assessments, customized recommendations, the creation of national and regional strategies, and the design of a prototype air quality monitoring station.","Monitoreo de Calidad del Aire Fortalecido: Mejora del monitoreo de la calidad del aire a través de evaluaciones detalladas, recomendaciones personalizadas, el desarrollo de estrategias nacionales y regionales, y el diseño de un prototipo de estación de monitoreo de calidad del aire.","- Developed a protocol for the design and operation of air quality monitoring in the Dominican Republic, along with a proposal for the redesign of the national monitoring network.
- Implemented an air quality and short-lived climate pollutant (SLCP) monitoring network assessment for countries of the Central American Integration System (SICA) region. This included one-on-one interviews, the development of a regional strategy for air quality monitoring, and the design of a prototype air pollution and hydro-meteorological monitoring system. These elements were discussed and validated by SICA member states during an in-person training workshop that included a site visit.","- Desarrollé un protocolo para el diseño y operación del monitoreo de la calidad del aire en la República Dominicana, junto con una propuesta para el rediseño de la red nacional de monitoreo.
- Implementé una evaluación de la red de monitoreo de la calidad del aire y de los contaminantes climáticos de corta duración (SLCP) para los países de la región del Sistema de la Integración Centroamericana (SICA). Esto incluyó entrevistas individuales, el desarrollo de una estrategia regional para el monitoreo de la calidad del aire y el diseño de un prototipo de sistema de monitoreo de la contaminación del aire y de hidro-meteorología. Estos elementos fueron discutidos y validados por los estados miembros del SICA durante un taller de capacitación presencial que incluyó una visita al sitio."
NSA-2025-18-A_7,18,,PAHO/OPS & NSA/ANE,"Response to Air Pollution Episodes: Provided support to countries experiencing air pollution events, such as wildfire smoke episodes, by identifying public health priorities and organizing targeted risk management workshops.","Respuesta a episodios de contaminación del aire: Se brindó apoyo a los países que enfrentan eventos de contaminación del aire, como episodios de humo de incendios forestales, al identificar prioridades de salud pública y organizar talleres de gestión de riesgos específicos.","In Colombia and Venezuela, I supported the organization and implementation of the in-person workshop ""Risk Management Against Fire Smoke: Climate Change, Air Pollution, and Health,"" aimed at building national capacities to respond to air pollution and health emergencies. The activity involved consolidating training materials and disseminating efforts to strengthen preparedness and response strategies. Workshop date: May 20, 2024.","En Colombia y Venezuela, se apoyó la organización y la implementación del taller presencial “Gestión del riesgo frente al humo de incendios: cambio climático, contaminación del aire y salud”, destinado a construir capacidades nacionales para responder a la contaminación del aire y a las contingencias de salud. La actividad involucró la consolidación de materiales de capacitación y la difusión de esfuerzos para fortalecer las estrategias de preparación y respuesta. Fecha del taller: 20 de mayo de 2024."
NSA-2025-18-A_8,18,,PAHO/OPS & NSA/ANE,"Dissemination of Best Practices: Facilitated regional knowledge-sharing through webinars and communication materials highlighting key results, lessons learned, and best practices in air quality management.","Diseminación de Mejores Prácticas: Facilitación del intercambio de conocimientos regional a través de seminarios web y materiales de comunicación que destacan los resultados clave, las lecciones aprendidas y las mejores prácticas en la gestión de la calidad del aire.","- Co-organized and coordinated the annual events for the International Day of Clean Air for Blue Skies (September 7).
- Developed and updated a project story for publication on the Climate and Clean Air Coalition (CCAC) website.
- Supported the implementation of the BreatheLife Campaign in Latin America and the Caribbean.","- Coorganizó y coordinó los eventos anuales para el Día Internacional del Aire Limpio por Cielos Azules (7 de septiembre).
- Desarrolló y actualizó una historia del proyecto para su publicación en el sitio web de la Coalición del Clima y el Aire Limpio (CCAC).
- Apoyó la implementación de la Campaña BreatheLife en América Latina y el Caribe."
